zona;marca;descripcion;calibre;fleje;precio;descuento;dinamica
Nunez;-;Cerveza fría;473 cc;3789.0;5.21;100;35% OFF
Nunez;-;Cerveza Andes Origen Oro 473 cc 1 X 473 mL;473 cc;3519.0;4.84;100;35% OFF
Nunez;-;Cerveza fría 1 X 473 mL;473 cc;3689.0;5.07;100;35% OFF
Nunez;-;Amstel Cerveza Lager Pura Malta 1 X 473 mL;473 ml;3189.0;4.72;100;30% OFF
Nunez;-;Heineken Cerveza Rubia 1 X 473 mL;473 ml;4579.0;9.69;100;100% OFF
Nunez;-;Cerveza fría 1 X 710 mL;710 ml;7899.0;7.24;100;35% OFF
Nunez;-;Cerveza Pampa Lager Lata 473ml 1 x 473 mL;473 ml;3009.0;3.19;100;50% OFF
Nunez;-;Schneider Cerveza Lager 1 X 710 mL;710 ml;4369.0;5.23;100;15% OFF
Nunez;-;Heineken Cerveza Rubia en Lata;710.0 ml;6869.0;8.23;100;15% OFF
Nunez;-;Corona Cerveza Tipo Lager;330.0 ml;4989.0;9.83;100;35% OFF
Nunez;-;1890 Cerveza Rubia 1 X 473 mL;473 ml;2439.0;4.65;100;10% OFF
Nunez;-;Cerveza Quilmes Clásica 710 cc 1 X 710 mL;710 cc;4059.0;4.58;100;20% OFF
Nunez;-;Corona Cerveza Cero 1 X 330 mL;330 ml;3819.0;6.95;100;40% OFF
Nunez;-;Cerveza Miller;473.0 ml;3979.0;8.42;100;100% OFF
Nunez;-;Miller Genuine Draft Cerveza 1 X 330 mL;330 ml;4384.52;13.29;100;100% OFF
Nunez;-;Antares Cerveza Ipa 1 x 473 mL;473 ml;4519.0;6.69;100;30% OFF
Nunez;-;Cerveza Quilmes 0% 473 cc 1 X 473 mL;473 cc;2369.0;3.01;100;40% OFF
Nunez;-;Stella Artois Cerveza Premium Lager 1 x 710 mL;710 ml;6859.0;9.67;100;100% OFF
Nunez;-;Schneider Bebida Refrescante Remix Limón 1 x 473 mL;473 ml;3079.0;6.51;100;100% OFF
Nunez;-;Rabieta Cerveza Helles Munich 1 X 473 mL;473 ml;4059.0;8.59;100;100% OFF
Nunez;-;Stella Artois Cerveza 1 x 330 mL;330 ml;4489.0;8.17;100;40% OFF
Nunez;-;Peroni Cerveza 1 X 330 mL;330 ml;5049.0;15.3;100;100% OFF
Nunez;-;Blue Moon Cerveza Belgian White;355 cc;5889.0;10.79;100;35% OFF
Nunez;-;Stella Artois Cerveza Pure Gold 1 x 473 mL;473 ml;3719.0;5.12;100;35% OFF
Nunez;-;Heineken Cerveza Original 1 X 330 mL;330 ml;4849.0;14.7;100;100% OFF
Nunez;-;Pampa Brewing Cerveza IPA Lata 473 ml 1 X 473 mL;473 ml;3509.0;4.83;100;35% OFF
Nunez;-;Asahi Cerveza Dry;330 cc;6129.0;18.58;100;100% OFF
Nunez;-;Cerveza Guinness Hop House;473 ml;4089.0;5.19;100;40% OFF
Nunez;-;Cerveza Patagonia Lager Del Sur 730 cc 1 X 730 mL;730 cc;7739.0;6.9;100;35% OFF
Nunez;-;Pampa Brewing Cerveza Honey Lata 473 ml 1 X 473 mL;473 ml;3129.0;6.62;100;100% OFF
Nunez;-;Cerveza Brahma Chopp Lata 354mlx1 1 X 354 mL;354 ml;1929.0;4.91;100;10% OFF
Nunez;-;Estrella Galicia Cerveza 0.0 Tostada Lata 330ml 1 x 330 mL;330 ml;4059.0;12.3;100;100% OFF
Nunez;-;Santa Fe Cerveza Rubia 1 X 473 mL;473 ml;3009.0;4.14;100;35% OFF
Nunez;-;Cerveza Patagonia Vera Ipa 473 cc 1 X 473 mL;473 cc;5439.0;11.5;100;100% OFF
Nunez;-;Brahma Cerveza Chopp;710 ml;4319.0;4.87;100;20% OFF
Nunez;-;Imperial Cerveza Golden;330 cc;3969.0;12.03;100;100% OFF
Nunez;-;Cerveza Stella Artois 0% 473 cc 1 x 473 mL;473 cc;3719.0;5.12;100;35% OFF
Nunez;-;Miller Cerveza Rubia 1 X 600 mL;600 ml;6469.0;10.79;100;100% OFF
Nunez;-;Amstel Cerveza Lager;710.0 ml;4529.0;4.15;100;35% OFF
Nunez;-;Ipa Cerveza Antares Especiales Sin Alcohol 1 x 473 mL;473 ml;6779.0;10.04;100;30% OFF
Nunez;-;Heineken Cerveza Sin Alcohol 1 x 473 mL;473 ml;3719.0;6.29;100;20% OFF
Nunez;-;Imperial Cerveza Negra Cream Stout en Lata 1 X 473 mL;473 ml;3799.0;8.04;100;100% OFF
Nunez;-;Pampa Brewing Nitro Cream Stout 473ml 1 X 473 mL;473 ml;3469.0;5.14;100;30% OFF
Nunez;-;Antares Cerveza Artesanal Honey 1 X 473 mL;473 ml;4529.0;6.71;100;30% OFF
Nunez;-;Warsteiner Cerveza Rubia 1 X 473 mL;473 ml;3949.0;6.27;100;25% OFF
Nunez;-;Salta Cerveza Cautiva Roja 1 X 473 mL;473 ml;3529.0;4.85;100;35% OFF
Nunez;-;Antares Cerveza Scotch 1 X 473 mL;473 ml;4569.0;6.77;100;30% OFF
Nunez;-;Grolsch Cerveza Pilsner 1 X 473 mL;473 ml;4489.0;7.12;100;25% OFF
Nunez;-;Cerveza Stella Artois Noire 473 cc 1 X 473 mL;473 cc;4409.0;6.06;100;35% OFF
Nunez;-;Andes Origen Cerveza Negra en Lata 1 X 473 mL;473 ml;3789.0;5.21;100;35% OFF
Nunez;-;Cerveza Patagonia Amber Lager 473 cc 1 X 473 mL;473 cc;5669.0;7.79;100;35% OFF
Nunez;-;Imperial Cerveza Roja Amber Lager Lata 1 X 473 mL;473 ml;3759.0;7.95;100;100% OFF
Nunez;-;Cerveza Patagonia Amber Lager 730 cc 1 X 730 mL;730 cc;7749.0;6.9;100;35% OFF
Nunez;-;Imperial Cerveza Lager Dorada Lata 710ml 1 X 710 mL;710 ml;5119.0;6.13;100;15% OFF
Nunez;-;Corona Cerveza 0.0;473 ml;3609.0;4.58;100;40% OFF
Nunez;-;Imperial Cerveza Extra Lager 1 X 473 mL;473 ml;3629.0;7.68;100;100% OFF
Nunez;-;Pampa Brewing Amber Ale Lata 473ml 1 X 473 mL;473 ml;3219.0;4.43;100;35% OFF
Nunez;-;Pampa Cerveza Dorada Lata 473 ml;473 ml;3169.0;6.7;100;100% OFF
Nunez;-;Kunstmann Torobayo Lata 470ml 1 X 470 mL;470 ml;5209.0;11.09;100;100% OFF
Nunez;-;Cerveza Quilmes Ipa 473 cc 1 X 473 mL;473 cc;2869.0;6.07;100;100% OFF
Nunez;-;Imperial Cerveza Ipa 1 X 473 mL;473 ml;3819.0;6.87;100;15% OFF
Nunez;-;Cerveza Patagonia Lager Del Sur 473 cc 1 X 473 mL;473 cc;5439.0;7.48;100;35% OFF
Nunez;-;Antares Cerveza Caravana Session Ipa 1 X 473 mL;473 ml;4559.0;6.75;100;30% OFF
Nunez;-;Stella Artois Cerveza 0% 1 X 330 mL;330 ml;3589.0;6.53;100;40% OFF
Nunez;-;Antares Cerveza Lager 1 x 473 mL;473 ml;3839.0;5.69;100;30% OFF
Nunez;-;Imperial Cerveza Ligera Golden 1 X 473 mL;473 ml;3589.0;7.59;100;100% OFF
Nunez;-;Imperial Apa Cerveza American Pale Ale Rubia 1 X 473 mL;473 ml;3759.0;7.95;100;100% OFF
Nunez;-;Salta Cautiva Cerveza Rubia 1 X 473 mL;473 ml;3519.0;4.84;100;35% OFF
Nunez;-;Rabieta Cerveza Irish Red Ale 1 X 473 mL;473 ml;4059.0;7.73;100;10% OFF
Nunez;-;Antares Kolsch Cerveza 1 X 473 mL;473 ml;4539.0;6.72;100;30% OFF
Nunez;-;Bitburger Cerveza 1 X 330 mL;330 ml;4919.0;14.91;100;100% OFF
Nunez;-;Miller Cerveza Genuine Draft en Lata 1 X 710 mL;710 ml;5949.0;7.13;100;15% OFF
Nunez;-;Grolsch Cerveza Ipa 1 X 473 mL;473 ml;4809.0;8.14;100;20% OFF
Nunez;-;Rabieta Cerveza American Ipa 1 X 473 mL;473 ml;4549.0;9.62;100;100% OFF
Nunez;-;Salta Cerveza Session Ipa 1 x 473 mL;473 ml;3609.0;4.96;100;35% OFF
Nunez;-;Blue Moon Belgian White Lata 473 ml 1 x 473 mL;473 ml;5299.0;7.29;100;35% OFF
Nunez;-;Bitburger Cerveza 1 X 500 mL;500 ml;5709.0;11.42;100;100% OFF
Nunez;-;Kostritzer Cerveza Schwarzbier 1 X 500 mL;500 ml;7109.0;11.38;100;20% OFF
Nunez;-;6 x Sixpack Blue Moon Belgian White Lata;-;31794.0;7.29;100;35% OFF
Nunez;-;6 x Estrella Cerveza Galicia Sin Gluten X 330 mL;330 ml;21894.0;11.06;100;Pack
Nunez;-;6 x Imperial Golden 330 mL;330 ml;23814.0;12.03;100;Pack
Nunez;-;Cerveza Kunstmann Session Ipa 470ml 1 X 470 mL;470 ml;5049.0;10.75;100;100% OFF
Nunez;-;Estrella Galicia Cerveza sin Gluten Lata 330ml 1 x 330 mL;330 ml;3649.0;11.06;100;100% OFF
Nunez;-;6 x Estrella Cerveza Galicia 0.0 Tostada 330 mL;330 ml;24354.0;12.3;100;Pack
Nunez;-;6 x Patagonia Vera Ipa;-;32634.0;7.48;100;35% OFF
Nunez;-;6 x Sixpack Warsteiner Cerveza;-;23694.0;6.27;100;25% OFF
Nunez;-;6 x Sixpack Miller Cerveza;-;23874.0;8.42;100;Pack
Nunez;-;4 x Stella Artois Premium Lager 710 mL;710 ml;27436.0;9.67;100;Pack
Nunez;-;Combo;330 ml;7438.0;7438.0;0;0% OFF
Nunez;-;6 x Quilmes Cerveza Clásica;-;17034.0;3.91;100;35% OFF
Nunez;-;6 x Quilmes Cerveza Stout;-;17394.0;3.99;100;35% OFF
Nunez;-;6 x Sixpack Patagonia Cerveza Session Ipa K24.7;-;34254.0;7.85;100;35% OFF
Nunez;-;6 x Quilmes 0.0% Cerveza Rubia;-;14214.0;3.01;100;40% OFF
Nunez;-;6 x Sixpack Schneider Cerveza Rubia;-;18474.0;6.51;100;Pack
Nunez;-;6 x Cerveza 1890 473 mL;473 ml;14634.0;4.65;100;10% OFF
Nunez;-;4 x Andes Origen Rubia 710 mL;710 ml;20356.0;7.17;100;Pack
Nunez;-;6 x Imperial Lager Rubia Sabor Intenso 710 mL;710 ml;30714.0;6.13;100;15% OFF
Nunez;-;4 x Quilmes Clásica 710 mL;710 ml;16236.0;4.58;100;20% OFF
Nunez;-;6 x Blue Moon Belgian White 355 mL;355 ml;35334.0;10.79;100;35% OFF
Nunez;-;6 x Sixpack Grolsch Cerveza;-;26934.0;7.12;100;25% OFF
Nunez;-;6 x Andes Origen Oro 473 mL;473 ml;21114.0;4.84;100;35% OFF
Nunez;-;6 x Sixpack Imperial Cerveza Golden;-;21534.0;7.59;100;Pack
Nunez;-;6 x Patagonia Lager del Sur 473 mL;473 ml;32634.0;7.48;100;35% OFF
Nunez;-;6 x Imperial Roja Amber Lager 473 mL;473 ml;22554.0;7.95;100;Pack
Nunez;-;6 x Quilmes Ipa;-;17214.0;6.07;100;Pack
Nunez;-;6 x Sixpack Heineken Cerveza;-;27474.0;8.23;100;15% OFF
Nunez;-;6 x Patagonia Cerveza Amber Lager;-;34014.0;7.79;100;35% OFF
Nunez;-;6 x Sixpack Imperial Cerveza Ipa;-;22914.0;6.87;100;15% OFF
Nunez;-;6 x Sixpack Amstel Cerveza Lager;-;19134.0;4.72;100;30% OFF
Nunez;-;6 x Salta Cautiva Session 473 mL;473 ml;21654.0;4.96;100;35% OFF
Nunez;-;3 x Miller 330 mL;330 ml;13153.56;13.29;100;Pack
Nunez;-;6 x Miller Rubia 330 mL;330 ml;26307.12;13.29;100;Pack
Nunez;-;2 x Miller 330 mL;330 ml;8769.04;13.29;100;Pack
Nunez;-;6 x Andes Cerveza Rubia Origen Mendocina;-;22134.0;5.07;100;35% OFF
Nunez;-;6 x Corona 473 mL;473 ml;30954.0;7.09;100;35% OFF
Nunez;-;4 x Budweiser 710 mL;710 ml;18276.0;6.44;100;Pack
Nunez;-;6 x Schneider Lager 710 mL;710 ml;26214.0;5.23;100;15% OFF
Nunez;-;Stella Artois Cerveza 710 ml 1 x 710 mL;710 ml;6000.0;5.5;100;35% OFF
Nunez;-;6 x Stella Artois 0.0%;-;22314.0;5.12;100;35% OFF
Nunez;-;6 x Stella Artois Porrón 330 mL;330 ml;26934.0;8.17;100;40% OFF
Nunez;-;6 x Andes Cerveza Roja Origen Mendocina;-;22134.0;5.07;100;35% OFF
Nunez;-;6 x Heineken Rubia 710 mL;710 ml;41214.0;8.23;100;15% OFF
Nunez;-;Estrella Damm Cerveza 1 X 500 mL;500 ml;2639.0;5.28;100;100% OFF
Nunez;-;Pronto de vuelta 1 X 473 mL;473 ml;3399.0;5.03;100;30% OFF
Nunez;-;Pronto de vuelta 1 X 710 mL;710 ml;5119.0;6.13;100;15% OFF
Nunez;-;Pronto de vuelta 1 X 410 mL;410 cc;6439.0;10.21;100;35% OFF
Nunez;-;Pronto de vuelta 1 X 355 mL;355 ml;2369.0;6.68;100;100% OFF
